{
  "project_info": {
    "project_number": "153992382356",
    "project_id": "chatting-e9720",
    "storage_bucket": "chatting-e9720.firebasestorage.app"
  },
  "client": [
    {
      "client_info": {
        "mobilesdk_app_id": "1:153992382356:android:8db00601ee420ea8df7181",
        "android_client_info": {
          "package_name": "ru.startandroid.develop.chatting"
        }
      },
      "oauth_client": [],
      "api_key": [
        {
          "current_key": "AIzaSyAdnRJLZvvUmvXBWi5lrgD2GlNH9GBbrCY"
        }
      ],
      "services": {
        "appinvite_service": {
          "other_platform_oauth_client": []
        }
      }
    }
  ],
  "configuration_version": "1"
}